id	title	geom_source	ccodes	min	max	citation
https://iisg.amsterdam/resource/country/Afghanistan/1946	Afghanistan	http://nils.weidmann.ws/projects/cshapes.html	AF	1946-01-01	2016-06-30	https://druid.datalegend.net/nlgis/cshapes/
https://iisg.amsterdam/resource/country/Albania/1946	Albania	http://nils.weidmann.ws/projects/cshapes.html	AL	1946-01-01	2016-06-30	https://druid.datalegend.net/nlgis/cshapes/
https://iisg.amsterdam/resource/country/Algeria/1962	Algeria	http://nils.weidmann.ws/projects/cshapes.html	DZ	1962-07-05	2016-06-30	https://druid.datalegend.net/nlgis/cshapes/
https://iisg.amsterdam/resource/country/Andorra/1993	Andorra	http://nils.weidmann.ws/projects/cshapes.html	AD	1993-07-28	2016-06-30	https://druid.datalegend.net/nlgis/cshapes/
https://iisg.amsterdam/resource/country/Angola/1975	Angola	http://nils.weidmann.ws/projects/cshapes.html	AO	1975-11-11	2016-06-30	https://druid.datalegend.net/nlgis/cshapes/
https://iisg.amsterdam/resource/country/Antigua-and-Barbuda/1981	Antigua and Barbuda	http://nils.weidmann.ws/projects/cshapes.html	AG	1981-11-01	2016-06-30	https://druid.datalegend.net/nlgis/cshapes/
https://iisg.amsterdam/resource/country/Argentina/1946	Argentina	http://nils.weidmann.ws/projects/cshapes.html	AR	1946-01-01	2016-06-30	https://druid.datalegend.net/nlgis/cshapes/
https://iisg.amsterdam/resource/country/Armenia/1991	Armenia	http://nils.weidmann.ws/projects/cshapes.html	AM	1991-12-26	2016-06-30	https://druid.datalegend.net/nlgis/cshapes/
https://iisg.amsterdam/resource/country/Australia/1946	Australia	http://nils.weidmann.ws/projects/cshapes.html	AU	1946-01-01	2016-06-30	https://druid.datalegend.net/nlgis/cshapes/
https://iisg.amsterdam/resource/country/Austria/1955	Austria	http://nils.weidmann.ws/projects/cshapes.html	AT	1955-07-27	2016-06-30	https://druid.datalegend.net/nlgis/cshapes/
https://iisg.amsterdam/resource/country/Azerbaijan/1991	Azerbaijan	http://nils.weidmann.ws/projects/cshapes.html	AZ	1991-12-26	2016-06-30	https://druid.datalegend.net/nlgis/cshapes/
https://iisg.amsterdam/resource/country/Bahamas/1973	Bahamas	http://nils.weidmann.ws/projects/cshapes.html	BS	1973-07-10	2016-06-30	https://druid.datalegend.net/nlgis/cshapes/
https://iisg.amsterdam/resource/country/Bahrain/1971	Bahrain	http://nils.weidmann.ws/projects/cshapes.html	BH	1971-08-15	2016-06-30	https://druid.datalegend.net/nlgis/cshapes/
https://iisg.amsterdam/resource/country/Bangladesh/1971	Bangladesh	http://nils.weidmann.ws/projects/cshapes.html	BD	1971-12-16	2016-06-30	https://druid.datalegend.net/nlgis/cshapes/
https://iisg.amsterdam/resource/country/Barbados/1966	Barbados	http://nils.weidmann.ws/projects/cshapes.html	BB	1966-11-30	2016-06-30	https://druid.datalegend.net/nlgis/cshapes/
https://iisg.amsterdam/resource/country/Belarus/1991	Belarus	http://nils.weidmann.ws/projects/cshapes.html	BY	1991-12-26	2016-06-30	https://druid.datalegend.net/nlgis/cshapes/
https://iisg.amsterdam/resource/country/Belgium/1946	Belgium	http://nils.weidmann.ws/projects/cshapes.html	BE	1946-01-01	2016-06-30	https://druid.datalegend.net/nlgis/cshapes/
https://iisg.amsterdam/resource/country/Belize/1981	Belize	http://nils.weidmann.ws/projects/cshapes.html	BZ	1981-09-21	2016-06-30	https://druid.datalegend.net/nlgis/cshapes/
https://iisg.amsterdam/resource/country/Benin/1960	Benin	http://nils.weidmann.ws/projects/cshapes.html	BJ	1960-08-01	2016-06-30	https://druid.datalegend.net/nlgis/cshapes/
https://iisg.amsterdam/resource/country/Bhutan/1971	Bhutan	http://nils.weidmann.ws/projects/cshapes.html	BT	1971-09-21	2016-06-30	https://druid.datalegend.net/nlgis/cshapes/
https://iisg.amsterdam/resource/country/Bolivia/1946	Bolivia	http://nils.weidmann.ws/projects/cshapes.html	BO	1946-01-01	2016-06-30	https://druid.datalegend.net/nlgis/cshapes/
https://iisg.amsterdam/resource/country/Bosnia-and-Herzegovina/1992	Bosnia and Herzegovina	http://nils.weidmann.ws/projects/cshapes.html	BA	1992-04-07	2016-06-30	https://druid.datalegend.net/nlgis/cshapes/
https://iisg.amsterdam/resource/country/Botswana/1966	Botswana	http://nils.weidmann.ws/projects/cshapes.html	BW	1966-09-30	2016-06-30	https://druid.datalegend.net/nlgis/cshapes/
https://iisg.amsterdam/resource/country/Brazil/1946		http://nils.weidmann.ws/projects/cshapes.html		1946-01-01	1960-04-20	https://druid.datalegend.net/nlgis/cshapes/
https://iisg.amsterdam/resource/country/Brazil/1960	Brazil	http://nils.weidmann.ws/projects/cshapes.html	BR	1960-04-21	2016-06-30	https://druid.datalegend.net/nlgis/cshapes/
https://iisg.amsterdam/resource/country/Brunei/1984	Brunei Darussalam	http://nils.weidmann.ws/projects/cshapes.html	BN	1984-01-01	2016-06-30	https://druid.datalegend.net/nlgis/cshapes/
https://iisg.amsterdam/resource/country/Bulgaria/1946	Bulgaria	http://nils.weidmann.ws/projects/cshapes.html	BG	1946-01-01	2016-06-30	https://druid.datalegend.net/nlgis/cshapes/
https://iisg.amsterdam/resource/country/Burkina-Faso/1960	Burkina Faso	http://nils.weidmann.ws/projects/cshapes.html	BF	1960-08-05	2016-06-30	https://druid.datalegend.net/nlgis/cshapes/
https://iisg.amsterdam/resource/country/Burundi/1962	Burundi	http://nils.weidmann.ws/projects/cshapes.html	BI	1962-07-01	2016-06-30	https://druid.datalegend.net/nlgis/cshapes/
https://iisg.amsterdam/resource/country/Cambodia/1953	Cambodia	http://nils.weidmann.ws/projects/cshapes.html	KH	1953-11-09	2016-06-30	https://druid.datalegend.net/nlgis/cshapes/
https://iisg.amsterdam/resource/country/Cameroon/1960		http://nils.weidmann.ws/projects/cshapes.html		1960-01-01	1961-09-30	https://druid.datalegend.net/nlgis/cshapes/
https://iisg.amsterdam/resource/country/Cameroon/1961	Cameroon	http://nils.weidmann.ws/projects/cshapes.html	CM	1961-10-01	2016-06-30	https://druid.datalegend.net/nlgis/cshapes/
https://iisg.amsterdam/resource/country/Canada/1946		http://nils.weidmann.ws/projects/cshapes.html		1946-01-01	1948-06-30	https://druid.datalegend.net/nlgis/cshapes/
https://iisg.amsterdam/resource/country/Canada/1948	Canada	http://nils.weidmann.ws/projects/cshapes.html	CA	1948-07-01	2016-06-30	https://druid.datalegend.net/nlgis/cshapes/
https://iisg.amsterdam/resource/country/Cape-Verde/1975	Cape Verde	http://nils.weidmann.ws/projects/cshapes.html	CV	1975-07-05	2016-06-30	https://druid.datalegend.net/nlgis/cshapes/
https://iisg.amsterdam/resource/country/Central-African-Republic/1960	Central African Republic	http://nils.weidmann.ws/projects/cshapes.html	CF	1960-08-13	2016-06-30	https://druid.datalegend.net/nlgis/cshapes/
https://iisg.amsterdam/resource/country/Chad/1960		http://nils.weidmann.ws/projects/cshapes.html		1960-08-11	1972-12-31	https://druid.datalegend.net/nlgis/cshapes/
https://iisg.amsterdam/resource/country/Chad/1973	Chad	http://nils.weidmann.ws/projects/cshapes.html	TD	1973-01-01	2016-06-30	https://druid.datalegend.net/nlgis/cshapes/
https://iisg.amsterdam/resource/country/Chile/1946	Chile	http://nils.weidmann.ws/projects/cshapes.html	CL	1946-01-01	2016-06-30	https://druid.datalegend.net/nlgis/cshapes/
https://iisg.amsterdam/resource/country/China/1946		http://nils.weidmann.ws/projects/cshapes.html		1946-01-01	1949-12-07	https://druid.datalegend.net/nlgis/cshapes/
https://iisg.amsterdam/resource/country/China/1949	China	http://nils.weidmann.ws/projects/cshapes.html	CN	1949-12-08	2016-06-30	https://druid.datalegend.net/nlgis/cshapes/
https://iisg.amsterdam/resource/country/Colombia/1946	Colombia	http://nils.weidmann.ws/projects/cshapes.html	CO	1946-01-01	2016-06-30	https://druid.datalegend.net/nlgis/cshapes/
https://iisg.amsterdam/resource/country/Comoros/1975	Comoros	http://nils.weidmann.ws/projects/cshapes.html	KM	1975-12-31	2016-06-30	https://druid.datalegend.net/nlgis/cshapes/
https://iisg.amsterdam/resource/country/Congo,-DRC/1960	Congo, Democratic Republic of the	http://nils.weidmann.ws/projects/cshapes.html	CD	1960-06-30	2016-06-30	https://druid.datalegend.net/nlgis/cshapes/
https://iisg.amsterdam/resource/country/Congo/1960	Congo	http://nils.weidmann.ws/projects/cshapes.html	CG	1960-08-15	2016-06-30	https://druid.datalegend.net/nlgis/cshapes/
https://iisg.amsterdam/resource/country/Costa-Rica/1946	Costa Rica	http://nils.weidmann.ws/projects/cshapes.html	CR	1946-01-01	2016-06-30	https://druid.datalegend.net/nlgis/cshapes/
https://iisg.amsterdam/resource/country/Cote-d'Ivoire/1960	Cote d'Ivoire	http://nils.weidmann.ws/projects/cshapes.html	CI	1960-08-07	2016-06-30	https://druid.datalegend.net/nlgis/cshapes/
https://iisg.amsterdam/resource/country/Croatia/1992	Croatia	http://nils.weidmann.ws/projects/cshapes.html	HR	1992-01-15	2016-06-30	https://druid.datalegend.net/nlgis/cshapes/
https://iisg.amsterdam/resource/country/Cuba/1946	Cuba	http://nils.weidmann.ws/projects/cshapes.html	CU	1946-01-01	2016-06-30	https://druid.datalegend.net/nlgis/cshapes/
https://iisg.amsterdam/resource/country/Cyprus/1960	Cyprus	http://nils.weidmann.ws/projects/cshapes.html	CY	1960-08-16	2016-06-30	https://druid.datalegend.net/nlgis/cshapes/
https://iisg.amsterdam/resource/country/Czech-Republic/1993	Czech Republic	http://nils.weidmann.ws/projects/cshapes.html	CZ	1993-01-01	2016-06-30	https://druid.datalegend.net/nlgis/cshapes/
https://iisg.amsterdam/resource/country/Czechoslovakia/1946	Czechoslovakia	http://nils.weidmann.ws/projects/cshapes.html	CS	1946-01-01	1992-12-31	https://druid.datalegend.net/nlgis/cshapes/
https://iisg.amsterdam/resource/country/Denmark/1946	Denmark	http://nils.weidmann.ws/projects/cshapes.html	DK	1946-01-01	2016-06-30	https://druid.datalegend.net/nlgis/cshapes/
https://iisg.amsterdam/resource/country/Djibouti/1977	Djibouti	http://nils.weidmann.ws/projects/cshapes.html	DJ	1977-06-27	2016-06-30	https://druid.datalegend.net/nlgis/cshapes/
https://iisg.amsterdam/resource/country/Dominica/1978	Dominica	http://nils.weidmann.ws/projects/cshapes.html	DM	1978-11-03	2016-06-30	https://druid.datalegend.net/nlgis/cshapes/
https://iisg.amsterdam/resource/country/Dominican-Republic/1946	Dominican Republic	http://nils.weidmann.ws/projects/cshapes.html	DO	1946-01-01	2016-06-30	https://druid.datalegend.net/nlgis/cshapes/
https://iisg.amsterdam/resource/country/Ecuador/1946	Ecuador	http://nils.weidmann.ws/projects/cshapes.html	EC	1946-01-01	2016-06-30	https://druid.datalegend.net/nlgis/cshapes/
https://iisg.amsterdam/resource/country/Egypt-(United-Arab-Republic)/1958		http://nils.weidmann.ws/projects/cshapes.html		1958-02-01	1961-08-31	https://druid.datalegend.net/nlgis/cshapes/
https://iisg.amsterdam/resource/country/Egypt/1946		http://nils.weidmann.ws/projects/cshapes.html		1946-01-01	1958-01-31	https://druid.datalegend.net/nlgis/cshapes/
https://iisg.amsterdam/resource/country/Egypt/1961		http://nils.weidmann.ws/projects/cshapes.html		1961-09-01	1967-05-31	https://druid.datalegend.net/nlgis/cshapes/
https://iisg.amsterdam/resource/country/Egypt/1967	Egypt	http://nils.weidmann.ws/projects/cshapes.html	EG	1967-06-01	1979-04-30	https://druid.datalegend.net/nlgis/cshapes/
https://iisg.amsterdam/resource/country/Egypt/1979	Egypt	http://nils.weidmann.ws/projects/cshapes.html	EG	1979-05-01	2016-06-30	https://druid.datalegend.net/nlgis/cshapes/
https://iisg.amsterdam/resource/country/El-Salvador/1946	El Salvador	http://nils.weidmann.ws/projects/cshapes.html	SV	1946-01-01	2016-06-30	https://druid.datalegend.net/nlgis/cshapes/
https://iisg.amsterdam/resource/country/Equatorial-Guinea/1968	Equatorial Guinea	http://nils.weidmann.ws/projects/cshapes.html	GQ	1968-10-12	2016-06-30	https://druid.datalegend.net/nlgis/cshapes/
https://iisg.amsterdam/resource/country/Eritrea/1993	Eritrea	http://nils.weidmann.ws/projects/cshapes.html	ER	1993-05-23	2016-06-30	https://druid.datalegend.net/nlgis/cshapes/
https://iisg.amsterdam/resource/country/Estonia/1991	Estonia	http://nils.weidmann.ws/projects/cshapes.html	EE	1991-09-06	2016-06-30	https://druid.datalegend.net/nlgis/cshapes/
https://iisg.amsterdam/resource/country/Ethiopia/1946	Ethiopia	http://nils.weidmann.ws/projects/cshapes.html	ET	1946-01-01	1993-05-22	https://druid.datalegend.net/nlgis/cshapes/
https://iisg.amsterdam/resource/country/Ethiopia/1993	Ethiopia	http://nils.weidmann.ws/projects/cshapes.html	ET	1993-05-23	2016-06-30	https://druid.datalegend.net/nlgis/cshapes/
https://iisg.amsterdam/resource/country/Fiji/1970	Fiji	http://nils.weidmann.ws/projects/cshapes.html	FJ	1970-10-10	2016-06-30	https://druid.datalegend.net/nlgis/cshapes/
https://iisg.amsterdam/resource/country/Finland/1946	Finland	http://nils.weidmann.ws/projects/cshapes.html	FI	1946-01-01	2016-06-30	https://druid.datalegend.net/nlgis/cshapes/
https://iisg.amsterdam/resource/country/France/1946	France	http://nils.weidmann.ws/projects/cshapes.html	FR	1946-01-01	2016-06-30	https://druid.datalegend.net/nlgis/cshapes/
https://iisg.amsterdam/resource/country/Gabon/1960	Gabon	http://nils.weidmann.ws/projects/cshapes.html	GA	1960-08-17	2016-06-30	https://druid.datalegend.net/nlgis/cshapes/
https://iisg.amsterdam/resource/country/Georgia/1991	Georgia	http://nils.weidmann.ws/projects/cshapes.html	GE	1991-12-26	2016-06-30	https://druid.datalegend.net/nlgis/cshapes/
https://iisg.amsterdam/resource/country/Germany-Democratic-Republic/1954	German Democratic Republic	http://nils.weidmann.ws/projects/cshapes.html	DD	1954-03-25	1990-10-02	https://druid.datalegend.net/nlgis/cshapes/
https://iisg.amsterdam/resource/country/Germany-Federal-Republic/1955	Germany, Federal Republic of	http://nils.weidmann.ws/projects/cshapes.html	DE	1955-05-05	1990-10-02	https://druid.datalegend.net/nlgis/cshapes/
https://iisg.amsterdam/resource/country/Germany/1990	Germany	http://nils.weidmann.ws/projects/cshapes.html	DE	1990-10-03	2016-06-30	https://druid.datalegend.net/nlgis/cshapes/
https://iisg.amsterdam/resource/country/Ghana/1957	Ghana	http://nils.weidmann.ws/projects/cshapes.html	GH	1957-03-06	2016-06-30	https://druid.datalegend.net/nlgis/cshapes/
https://iisg.amsterdam/resource/country/Greece/1946	Greece	http://nils.weidmann.ws/projects/cshapes.html	GR	1946-01-01	2016-06-30	https://druid.datalegend.net/nlgis/cshapes/
https://iisg.amsterdam/resource/country/Grenada/1974	Grenada	http://nils.weidmann.ws/projects/cshapes.html	GD	1974-02-07	2016-06-30	https://druid.datalegend.net/nlgis/cshapes/
https://iisg.amsterdam/resource/country/Guatemala/1946	Guatemala	http://nils.weidmann.ws/projects/cshapes.html	GT	1946-01-01	2016-06-30	https://druid.datalegend.net/nlgis/cshapes/
https://iisg.amsterdam/resource/country/Guinea-Bissau/1974	Guinea-Bissau	http://nils.weidmann.ws/projects/cshapes.html	GW	1974-09-10	2016-06-30	https://druid.datalegend.net/nlgis/cshapes/
https://iisg.amsterdam/resource/country/Guinea/1958	Guinea	http://nils.weidmann.ws/projects/cshapes.html	GN	1958-10-02	2016-06-30	https://druid.datalegend.net/nlgis/cshapes/
https://iisg.amsterdam/resource/country/Guyana/1966	Guyana	http://nils.weidmann.ws/projects/cshapes.html	GY	1966-05-26	2016-06-30	https://druid.datalegend.net/nlgis/cshapes/
https://iisg.amsterdam/resource/country/Haiti/1946	Haiti	http://nils.weidmann.ws/projects/cshapes.html	HT	1946-01-01	2016-06-30	https://druid.datalegend.net/nlgis/cshapes/
https://iisg.amsterdam/resource/country/Honduras/1946	Honduras	http://nils.weidmann.ws/projects/cshapes.html	HN	1946-01-01	2016-06-30	https://druid.datalegend.net/nlgis/cshapes/
https://iisg.amsterdam/resource/country/Hungary/1946	Hungary	http://nils.weidmann.ws/projects/cshapes.html	HU	1946-01-01	2016-06-30	https://druid.datalegend.net/nlgis/cshapes/
https://iisg.amsterdam/resource/country/Iceland/1946	Iceland	http://nils.weidmann.ws/projects/cshapes.html	IS	1946-01-01	2016-06-30	https://druid.datalegend.net/nlgis/cshapes/
https://iisg.amsterdam/resource/country/India/1947		http://nils.weidmann.ws/projects/cshapes.html		1947-08-15	1948-12-31	https://druid.datalegend.net/nlgis/cshapes/
https://iisg.amsterdam/resource/country/India/1949	India	http://nils.weidmann.ws/projects/cshapes.html	IN	1949-01-01	2016-06-30	https://druid.datalegend.net/nlgis/cshapes/
https://iisg.amsterdam/resource/country/Indonesia/1949		http://nils.weidmann.ws/projects/cshapes.html		1949-12-27	1963-04-30	https://druid.datalegend.net/nlgis/cshapes/
https://iisg.amsterdam/resource/country/Indonesia/1963	Indonesia	http://nils.weidmann.ws/projects/cshapes.html	ID	1963-05-01	1976-06-30	https://druid.datalegend.net/nlgis/cshapes/
https://iisg.amsterdam/resource/country/Indonesia/1976	Indonesia	http://nils.weidmann.ws/projects/cshapes.html	ID	1976-07-01	2002-09-26	https://druid.datalegend.net/nlgis/cshapes/
https://iisg.amsterdam/resource/country/Indonesia/2002	Indonesia	http://nils.weidmann.ws/projects/cshapes.html	ID	2002-09-27	2016-06-30	https://druid.datalegend.net/nlgis/cshapes/
https://iisg.amsterdam/resource/country/Iran/1946	Iran, Islamic Republic of	http://nils.weidmann.ws/projects/cshapes.html	IR	1946-01-01	2016-06-30	https://druid.datalegend.net/nlgis/cshapes/
https://iisg.amsterdam/resource/country/Iraq/1946	Iraq	http://nils.weidmann.ws/projects/cshapes.html	IQ	1946-01-01	2016-06-30	https://druid.datalegend.net/nlgis/cshapes/
https://iisg.amsterdam/resource/country/Ireland/1946	Ireland	http://nils.weidmann.ws/projects/cshapes.html	IE	1946-01-01	2016-06-30	https://druid.datalegend.net/nlgis/cshapes/
https://iisg.amsterdam/resource/country/Israel/1948		http://nils.weidmann.ws/projects/cshapes.html		1948-05-14	1967-05-31	https://druid.datalegend.net/nlgis/cshapes/
https://iisg.amsterdam/resource/country/Israel/1967	Israel	http://nils.weidmann.ws/projects/cshapes.html	IL	1967-06-01	1979-04-30	https://druid.datalegend.net/nlgis/cshapes/
https://iisg.amsterdam/resource/country/Israel/1979	Israel	http://nils.weidmann.ws/projects/cshapes.html	IL	1979-05-01	2016-06-30	https://druid.datalegend.net/nlgis/cshapes/
https://iisg.amsterdam/resource/country/Italy/1946	Italy	http://nils.weidmann.ws/projects/cshapes.html	IT	1946-01-01	2016-06-30	https://druid.datalegend.net/nlgis/cshapes/
https://iisg.amsterdam/resource/country/Jamaica/1962	Jamaica	http://nils.weidmann.ws/projects/cshapes.html	JM	1962-08-06	2016-06-30	https://druid.datalegend.net/nlgis/cshapes/
https://iisg.amsterdam/resource/country/Japan/1952	Japan	http://nils.weidmann.ws/projects/cshapes.html	JP	1952-04-28	2016-06-30	https://druid.datalegend.net/nlgis/cshapes/
https://iisg.amsterdam/resource/country/Jordan/1946	Jordan	http://nils.weidmann.ws/projects/cshapes.html	JO	1946-03-22	2016-06-30	https://druid.datalegend.net/nlgis/cshapes/
https://iisg.amsterdam/resource/country/Kazakhstan/1991	Kazakhstan	http://nils.weidmann.ws/projects/cshapes.html	KZ	1991-12-26	2016-06-30	https://druid.datalegend.net/nlgis/cshapes/
https://iisg.amsterdam/resource/country/Kenya/1963	Kenya	http://nils.weidmann.ws/projects/cshapes.html	KE	1963-12-12	2016-06-30	https://druid.datalegend.net/nlgis/cshapes/
https://iisg.amsterdam/resource/country/Kiribati/1999	Kiribati	http://nils.weidmann.ws/projects/cshapes.html	KI	1999-09-14	2016-06-30	https://druid.datalegend.net/nlgis/cshapes/
https://iisg.amsterdam/resource/country/Kosovo/2008		http://nils.weidmann.ws/projects/cshapes.html		2008-02-20	2016-06-30	https://druid.datalegend.net/nlgis/cshapes/
https://iisg.amsterdam/resource/country/Kuwait/1961	Kuwait	http://nils.weidmann.ws/projects/cshapes.html	KW	1961-06-19	2016-06-30	https://druid.datalegend.net/nlgis/cshapes/
https://iisg.amsterdam/resource/country/Kyrgyzstan/1991	Kyrgyzstan	http://nils.weidmann.ws/projects/cshapes.html	KG	1991-12-26	2016-06-30	https://druid.datalegend.net/nlgis/cshapes/
https://iisg.amsterdam/resource/country/Laos/1953	Lao People's Democratic Republic	http://nils.weidmann.ws/projects/cshapes.html	LA	1953-10-23	2016-06-30	https://druid.datalegend.net/nlgis/cshapes/
https://iisg.amsterdam/resource/country/Latvia/1991	Latvia	http://nils.weidmann.ws/projects/cshapes.html	LV	1991-09-06	2016-06-30	https://druid.datalegend.net/nlgis/cshapes/
https://iisg.amsterdam/resource/country/Lebanon/1946	Lebanon	http://nils.weidmann.ws/projects/cshapes.html	LB	1946-03-10	2016-06-30	https://druid.datalegend.net/nlgis/cshapes/
https://iisg.amsterdam/resource/country/Lesotho/1966	Lesotho	http://nils.weidmann.ws/projects/cshapes.html	LS	1966-10-04	2016-06-30	https://druid.datalegend.net/nlgis/cshapes/
https://iisg.amsterdam/resource/country/Liberia/1946	Liberia	http://nils.weidmann.ws/projects/cshapes.html	LR	1946-01-01	2016-06-30	https://druid.datalegend.net/nlgis/cshapes/
https://iisg.amsterdam/resource/country/Libya/1951		http://nils.weidmann.ws/projects/cshapes.html		1951-12-24	1972-12-31	https://druid.datalegend.net/nlgis/cshapes/
https://iisg.amsterdam/resource/country/Libya/1973	Libyan Arab Jamahiriya	http://nils.weidmann.ws/projects/cshapes.html	LY	1973-01-01	2016-06-30	https://druid.datalegend.net/nlgis/cshapes/
https://iisg.amsterdam/resource/country/Liechtenstein/1990	Liechtenstein	http://nils.weidmann.ws/projects/cshapes.html	LI	1990-09-18	2016-06-30	https://druid.datalegend.net/nlgis/cshapes/
https://iisg.amsterdam/resource/country/Lithuania/1991	Lithuania	http://nils.weidmann.ws/projects/cshapes.html	LT	1991-09-06	2016-06-30	https://druid.datalegend.net/nlgis/cshapes/
https://iisg.amsterdam/resource/country/Luxembourg/1946	Luxembourg	http://nils.weidmann.ws/projects/cshapes.html	LU	1946-01-01	2016-06-30	https://druid.datalegend.net/nlgis/cshapes/
https://iisg.amsterdam/resource/country/Macedonia/1993	Macedonia, the former Yugoslav Republic of	http://nils.weidmann.ws/projects/cshapes.html	MK	1993-04-08	2016-06-30	https://druid.datalegend.net/nlgis/cshapes/
https://iisg.amsterdam/resource/country/Madagascar/1960	Madagascar	http://nils.weidmann.ws/projects/cshapes.html	MG	1960-06-20	2016-06-30	https://druid.datalegend.net/nlgis/cshapes/
https://iisg.amsterdam/resource/country/Malawi/1964	Malawi	http://nils.weidmann.ws/projects/cshapes.html	MW	1964-07-06	2016-06-30	https://druid.datalegend.net/nlgis/cshapes/
https://iisg.amsterdam/resource/country/Malaysia/1957		http://nils.weidmann.ws/projects/cshapes.html		1957-08-31	1963-09-30	https://druid.datalegend.net/nlgis/cshapes/
https://iisg.amsterdam/resource/country/Malaysia/1963		http://nils.weidmann.ws/projects/cshapes.html		1963-10-01	1965-07-31	https://druid.datalegend.net/nlgis/cshapes/
https://iisg.amsterdam/resource/country/Malaysia/1965	Malaysia	http://nils.weidmann.ws/projects/cshapes.html	MY	1965-08-01	2016-06-30	https://druid.datalegend.net/nlgis/cshapes/
https://iisg.amsterdam/resource/country/Maldives/1965	Maldives	http://nils.weidmann.ws/projects/cshapes.html	MV	1965-07-26	2016-06-30	https://druid.datalegend.net/nlgis/cshapes/
https://iisg.amsterdam/resource/country/Mali-Federation/1960		http://nils.weidmann.ws/projects/cshapes.html		1960-06-20	1960-08-19	https://druid.datalegend.net/nlgis/cshapes/
https://iisg.amsterdam/resource/country/Mali/1960	Mali	http://nils.weidmann.ws/projects/cshapes.html	ML	1960-08-20	2016-06-30	https://druid.datalegend.net/nlgis/cshapes/
https://iisg.amsterdam/resource/country/Malta/1964	Malta	http://nils.weidmann.ws/projects/cshapes.html	MT	1964-09-21	2016-06-30	https://druid.datalegend.net/nlgis/cshapes/
https://iisg.amsterdam/resource/country/Marshall-Is./1991	Marshall Islands	http://nils.weidmann.ws/projects/cshapes.html	MH	1991-09-17	2016-06-30	https://druid.datalegend.net/nlgis/cshapes/
https://iisg.amsterdam/resource/country/Mauritania/1960	Mauritania	http://nils.weidmann.ws/projects/cshapes.html	MR	1960-11-28	1976-03-31	https://druid.datalegend.net/nlgis/cshapes/
https://iisg.amsterdam/resource/country/Mauritania/1976	Mauritania	http://nils.weidmann.ws/projects/cshapes.html	MR	1976-04-01	1979-08-04	https://druid.datalegend.net/nlgis/cshapes/
https://iisg.amsterdam/resource/country/Mauritania/1979	Mauritania	http://nils.weidmann.ws/projects/cshapes.html	MR	1979-08-05	2016-06-30	https://druid.datalegend.net/nlgis/cshapes/
https://iisg.amsterdam/resource/country/Mauritius/1968	Mauritius	http://nils.weidmann.ws/projects/cshapes.html	MU	1968-03-12	2016-06-30	https://druid.datalegend.net/nlgis/cshapes/
https://iisg.amsterdam/resource/country/Mexico/1946	Mexico	http://nils.weidmann.ws/projects/cshapes.html	MX	1946-01-01	2016-06-30	https://druid.datalegend.net/nlgis/cshapes/
https://iisg.amsterdam/resource/country/Micronesia/1991	Micronesia, Federated States of	http://nils.weidmann.ws/projects/cshapes.html	FM	1991-09-17	2016-06-30	https://druid.datalegend.net/nlgis/cshapes/
https://iisg.amsterdam/resource/country/Moldova/1991	Moldova	http://nils.weidmann.ws/projects/cshapes.html	MD	1991-12-26	2016-06-30	https://druid.datalegend.net/nlgis/cshapes/
https://iisg.amsterdam/resource/country/Monaco/1993	Monaco	http://nils.weidmann.ws/projects/cshapes.html	MC	1993-05-28	2016-06-30	https://druid.datalegend.net/nlgis/cshapes/
https://iisg.amsterdam/resource/country/Mongolia/1946	Mongolia	http://nils.weidmann.ws/projects/cshapes.html	MN	1946-01-01	2016-06-30	https://druid.datalegend.net/nlgis/cshapes/
https://iisg.amsterdam/resource/country/Montenegro/2006	Montenegro	http://nils.weidmann.ws/projects/cshapes.html	ME	2006-06-12	2016-06-30	https://druid.datalegend.net/nlgis/cshapes/
https://iisg.amsterdam/resource/country/Morocco/1956		http://nils.weidmann.ws/projects/cshapes.html		1956-03-02	1958-03-31	https://druid.datalegend.net/nlgis/cshapes/
https://iisg.amsterdam/resource/country/Morocco/1958	Morocco	http://nils.weidmann.ws/projects/cshapes.html	MA	1958-04-01	1976-03-31	https://druid.datalegend.net/nlgis/cshapes/
https://iisg.amsterdam/resource/country/Morocco/1976	Morocco	http://nils.weidmann.ws/projects/cshapes.html	MA	1976-04-01	1979-08-04	https://druid.datalegend.net/nlgis/cshapes/
https://iisg.amsterdam/resource/country/Morocco/1979	Morocco	http://nils.weidmann.ws/projects/cshapes.html	MA	1979-08-05	2016-06-30	https://druid.datalegend.net/nlgis/cshapes/
https://iisg.amsterdam/resource/country/Mozambique/1975	Mozambique	http://nils.weidmann.ws/projects/cshapes.html	MZ	1975-06-25	2016-06-30	https://druid.datalegend.net/nlgis/cshapes/
https://iisg.amsterdam/resource/country/Myanmar/1948	Myanmar	http://nils.weidmann.ws/projects/cshapes.html	MM	1948-01-04	2016-06-30	https://druid.datalegend.net/nlgis/cshapes/
https://iisg.amsterdam/resource/country/Namibia/1990	Namibia	http://nils.weidmann.ws/projects/cshapes.html		1990-03-21	2016-06-30	https://druid.datalegend.net/nlgis/cshapes/
https://iisg.amsterdam/resource/country/Nauru/1999	Nauru	http://nils.weidmann.ws/projects/cshapes.html	NR	1999-09-14	2016-06-30	https://druid.datalegend.net/nlgis/cshapes/
https://iisg.amsterdam/resource/country/Nepal/1946	Nepal	http://nils.weidmann.ws/projects/cshapes.html	NP	1946-01-01	2016-06-30	https://druid.datalegend.net/nlgis/cshapes/
https://iisg.amsterdam/resource/country/Netherlands/1946	Netherlands	http://nils.weidmann.ws/projects/cshapes.html	NL	1946-01-01	2016-06-30	https://druid.datalegend.net/nlgis/cshapes/
https://iisg.amsterdam/resource/country/New-Zealand/1946	New Zealand	http://nils.weidmann.ws/projects/cshapes.html	NZ	1946-01-01	2016-06-30	https://druid.datalegend.net/nlgis/cshapes/
https://iisg.amsterdam/resource/country/Nicaragua/1946	Nicaragua	http://nils.weidmann.ws/projects/cshapes.html	NI	1946-01-01	2016-06-30	https://druid.datalegend.net/nlgis/cshapes/
https://iisg.amsterdam/resource/country/Niger/1960	Niger	http://nils.weidmann.ws/projects/cshapes.html	NE	1960-10-03	2016-06-30	https://druid.datalegend.net/nlgis/cshapes/
https://iisg.amsterdam/resource/country/Nigeria/1960		http://nils.weidmann.ws/projects/cshapes.html		1960-10-01	1961-05-31	https://druid.datalegend.net/nlgis/cshapes/
https://iisg.amsterdam/resource/country/Nigeria/1961	Nigeria	http://nils.weidmann.ws/projects/cshapes.html	NG	1961-06-01	2016-06-30	https://druid.datalegend.net/nlgis/cshapes/
https://iisg.amsterdam/resource/country/North-Korea/1948	Korea, Democratic People's Republic of	http://nils.weidmann.ws/projects/cshapes.html	KP	1948-09-09	2016-06-30	https://druid.datalegend.net/nlgis/cshapes/
https://iisg.amsterdam/resource/country/Norway/1946	Norway	http://nils.weidmann.ws/projects/cshapes.html	NO	1946-01-01	2016-06-30	https://druid.datalegend.net/nlgis/cshapes/
https://iisg.amsterdam/resource/country/Oman/1971	Oman	http://nils.weidmann.ws/projects/cshapes.html	OM	1971-10-07	2016-06-30	https://druid.datalegend.net/nlgis/cshapes/
https://iisg.amsterdam/resource/country/Pakistan/1947		http://nils.weidmann.ws/projects/cshapes.html		1947-08-14	1948-12-31	https://druid.datalegend.net/nlgis/cshapes/
https://iisg.amsterdam/resource/country/Pakistan/1949		http://nils.weidmann.ws/projects/cshapes.html		1949-01-01	1971-12-15	https://druid.datalegend.net/nlgis/cshapes/
https://iisg.amsterdam/resource/country/Pakistan/1971	Pakistan	http://nils.weidmann.ws/projects/cshapes.html	PK	1971-12-16	2016-06-30	https://druid.datalegend.net/nlgis/cshapes/
https://iisg.amsterdam/resource/country/Palau/1994	Palau	http://nils.weidmann.ws/projects/cshapes.html	PW	1994-12-15	2016-06-30	https://druid.datalegend.net/nlgis/cshapes/
https://iisg.amsterdam/resource/country/Panama/1946	Panama	http://nils.weidmann.ws/projects/cshapes.html	PA	1946-01-01	2016-06-30	https://druid.datalegend.net/nlgis/cshapes/
https://iisg.amsterdam/resource/country/Papua-New-Guinea/1975	Papua New Guinea	http://nils.weidmann.ws/projects/cshapes.html	PG	1975-09-16	2016-06-30	https://druid.datalegend.net/nlgis/cshapes/
https://iisg.amsterdam/resource/country/Paraguay/1946	Paraguay	http://nils.weidmann.ws/projects/cshapes.html	PY	1946-01-01	2016-06-30	https://druid.datalegend.net/nlgis/cshapes/
https://iisg.amsterdam/resource/country/Peru/1946	Peru	http://nils.weidmann.ws/projects/cshapes.html	PE	1946-01-01	2016-06-30	https://druid.datalegend.net/nlgis/cshapes/
https://iisg.amsterdam/resource/country/Philippines/1946	Philippines	http://nils.weidmann.ws/projects/cshapes.html	PH	1946-07-04	2016-06-30	https://druid.datalegend.net/nlgis/cshapes/
https://iisg.amsterdam/resource/country/Poland/1946	Poland	http://nils.weidmann.ws/projects/cshapes.html	PL	1946-01-01	2016-06-30	https://druid.datalegend.net/nlgis/cshapes/
https://iisg.amsterdam/resource/country/Portugal/1946	Portugal	http://nils.weidmann.ws/projects/cshapes.html	PT	1946-01-01	2016-06-30	https://druid.datalegend.net/nlgis/cshapes/
https://iisg.amsterdam/resource/country/Qatar/1971	Qatar	http://nils.weidmann.ws/projects/cshapes.html	QA	1971-09-03	2016-06-30	https://druid.datalegend.net/nlgis/cshapes/
https://iisg.amsterdam/resource/country/Republic-of-Vietnam/1954	Republic of Viet Nam	http://nils.weidmann.ws/projects/cshapes.html	VN	1954-06-04	1975-04-30	https://druid.datalegend.net/nlgis/cshapes/
https://iisg.amsterdam/resource/country/Romania/1946	Romania	http://nils.weidmann.ws/projects/cshapes.html	RO	1946-01-01	2016-06-30	https://druid.datalegend.net/nlgis/cshapes/
https://iisg.amsterdam/resource/country/Russia/1991	Russian Federation	http://nils.weidmann.ws/projects/cshapes.html	RU	1991-12-26	2016-06-30	https://druid.datalegend.net/nlgis/cshapes/
https://iisg.amsterdam/resource/country/Rwanda/1962	Rwanda	http://nils.weidmann.ws/projects/cshapes.html	RW	1962-07-01	2016-06-30	https://druid.datalegend.net/nlgis/cshapes/
https://iisg.amsterdam/resource/country/Samoa/1976	Samoa	http://nils.weidmann.ws/projects/cshapes.html	WS	1976-12-15	2016-06-30	https://druid.datalegend.net/nlgis/cshapes/
https://iisg.amsterdam/resource/country/San-Marino/1992	San Marino	http://nils.weidmann.ws/projects/cshapes.html	SM	1992-03-02	2016-06-30	https://druid.datalegend.net/nlgis/cshapes/
https://iisg.amsterdam/resource/country/Sao-Tome-and-Principe/1975	Sao Tome and Principe	http://nils.weidmann.ws/projects/cshapes.html	ST	1975-07-12	2016-06-30	https://druid.datalegend.net/nlgis/cshapes/
https://iisg.amsterdam/resource/country/Saudi-Arabia/1946	Saudi Arabia	http://nils.weidmann.ws/projects/cshapes.html	SA	1946-01-01	2000-06-11	https://druid.datalegend.net/nlgis/cshapes/
https://iisg.amsterdam/resource/country/Saudi-Arabia/2000	Saudi Arabia	http://nils.weidmann.ws/projects/cshapes.html	SA	2000-06-12	2016-06-30	https://druid.datalegend.net/nlgis/cshapes/
https://iisg.amsterdam/resource/country/Senegal/1960	Senegal	http://nils.weidmann.ws/projects/cshapes.html	SN	1960-08-20	2016-06-30	https://druid.datalegend.net/nlgis/cshapes/
https://iisg.amsterdam/resource/country/Serbia-and-Montenegro/1993	Serbia and Montenegro	http://nils.weidmann.ws/projects/cshapes.html	CS	1993-04-08	2006-06-11	https://druid.datalegend.net/nlgis/cshapes/
https://iisg.amsterdam/resource/country/Serbia/2006	Serbia	http://nils.weidmann.ws/projects/cshapes.html	RS	2006-06-12	2008-02-19	https://druid.datalegend.net/nlgis/cshapes/
https://iisg.amsterdam/resource/country/Serbia/2008	Serbia	http://nils.weidmann.ws/projects/cshapes.html	RS	2008-02-20	2016-06-30	https://druid.datalegend.net/nlgis/cshapes/
https://iisg.amsterdam/resource/country/Seychelles/1976	Seychelles	http://nils.weidmann.ws/projects/cshapes.html	SC	1976-06-29	2016-06-30	https://druid.datalegend.net/nlgis/cshapes/
https://iisg.amsterdam/resource/country/Sierra-Leone/1961	Sierra Leone	http://nils.weidmann.ws/projects/cshapes.html	SL	1961-04-27	2016-06-30	https://druid.datalegend.net/nlgis/cshapes/
https://iisg.amsterdam/resource/country/Singapore/1965	Singapore	http://nils.weidmann.ws/projects/cshapes.html	SG	1965-08-09	2016-06-30	https://druid.datalegend.net/nlgis/cshapes/
https://iisg.amsterdam/resource/country/Slovakia/1993	Slovakia	http://nils.weidmann.ws/projects/cshapes.html	SK	1993-01-01	2016-06-30	https://druid.datalegend.net/nlgis/cshapes/
https://iisg.amsterdam/resource/country/Slovenia/1992	Slovenia	http://nils.weidmann.ws/projects/cshapes.html	SI	1992-01-15	2016-06-30	https://druid.datalegend.net/nlgis/cshapes/
https://iisg.amsterdam/resource/country/Solomon-Is./1978	Solomon Islands	http://nils.weidmann.ws/projects/cshapes.html	SB	1978-07-07	2016-06-30	https://druid.datalegend.net/nlgis/cshapes/
https://iisg.amsterdam/resource/country/Somalia/1960	Somalia	http://nils.weidmann.ws/projects/cshapes.html	SO	1960-07-01	2016-06-30	https://druid.datalegend.net/nlgis/cshapes/
https://iisg.amsterdam/resource/country/South-Africa/1946	South Africa	http://nils.weidmann.ws/projects/cshapes.html	ZA	1946-01-01	1990-02-28	https://druid.datalegend.net/nlgis/cshapes/
https://iisg.amsterdam/resource/country/South-Africa/1990	South Africa	http://nils.weidmann.ws/projects/cshapes.html	ZA	1990-03-01	2016-06-30	https://druid.datalegend.net/nlgis/cshapes/
https://iisg.amsterdam/resource/country/South-Korea/1949	Korea, Republic of	http://nils.weidmann.ws/projects/cshapes.html	KR	1949-06-29	2016-06-30	https://druid.datalegend.net/nlgis/cshapes/
https://iisg.amsterdam/resource/country/South-Sudan/2011	South Sudan	http://nils.weidmann.ws/projects/cshapes.html	SS	2011-07-09	2016-06-30	https://druid.datalegend.net/nlgis/cshapes/
https://iisg.amsterdam/resource/country/Spain/1946	Spain	http://nils.weidmann.ws/projects/cshapes.html	ES	1946-01-01	2016-06-30	https://druid.datalegend.net/nlgis/cshapes/
https://iisg.amsterdam/resource/country/Sri-Lanka/1948	Sri Lanka	http://nils.weidmann.ws/projects/cshapes.html	LK	1948-02-04	2016-06-30	https://druid.datalegend.net/nlgis/cshapes/
https://iisg.amsterdam/resource/country/St.-Kitts-and-Nevis/1983	Saint Kitts and Nevis	http://nils.weidmann.ws/projects/cshapes.html	KN	1983-09-19	2016-06-30	https://druid.datalegend.net/nlgis/cshapes/
https://iisg.amsterdam/resource/country/St.-Lucia/1979	Saint Lucia	http://nils.weidmann.ws/projects/cshapes.html	LC	1979-02-22	2016-06-30	https://druid.datalegend.net/nlgis/cshapes/
https://iisg.amsterdam/resource/country/St.-Vincent-and-the-Grenadines/1979	Saint Vincent and the Grenadines	http://nils.weidmann.ws/projects/cshapes.html	VC	1979-10-27	2016-06-30	https://druid.datalegend.net/nlgis/cshapes/
https://iisg.amsterdam/resource/country/Sudan/1956	Sudan	http://nils.weidmann.ws/projects/cshapes.html	SD	1956-01-01	2011-07-08	https://druid.datalegend.net/nlgis/cshapes/
https://iisg.amsterdam/resource/country/Sudan/2011	Sudan	http://nils.weidmann.ws/projects/cshapes.html	SD	2011-07-09	2016-06-30	https://druid.datalegend.net/nlgis/cshapes/
https://iisg.amsterdam/resource/country/Suriname/1975	Suriname	http://nils.weidmann.ws/projects/cshapes.html	SR	1975-11-25	2016-06-30	https://druid.datalegend.net/nlgis/cshapes/
https://iisg.amsterdam/resource/country/Swaziland/1968	Swaziland	http://nils.weidmann.ws/projects/cshapes.html	SZ	1968-09-06	2016-06-30	https://druid.datalegend.net/nlgis/cshapes/
https://iisg.amsterdam/resource/country/Sweden/1946	Sweden	http://nils.weidmann.ws/projects/cshapes.html	SE	1946-01-01	2016-06-30	https://druid.datalegend.net/nlgis/cshapes/
https://iisg.amsterdam/resource/country/Switzerland/1946	Switzerland	http://nils.weidmann.ws/projects/cshapes.html	CH	1946-01-01	2016-06-30	https://druid.datalegend.net/nlgis/cshapes/
https://iisg.amsterdam/resource/country/Syria/1946		http://nils.weidmann.ws/projects/cshapes.html		1946-04-17	1958-02-01	https://druid.datalegend.net/nlgis/cshapes/
https://iisg.amsterdam/resource/country/Syria/1961		http://nils.weidmann.ws/projects/cshapes.html		1961-09-29	1967-05-31	https://druid.datalegend.net/nlgis/cshapes/
https://iisg.amsterdam/resource/country/Syria/1967	Syrian Arab Republic	http://nils.weidmann.ws/projects/cshapes.html	SY	1967-06-01	2016-06-30	https://druid.datalegend.net/nlgis/cshapes/
https://iisg.amsterdam/resource/country/Taiwan/1949	Taiwan, Province of China	http://nils.weidmann.ws/projects/cshapes.html	TW	1949-12-08	2016-06-30	https://druid.datalegend.net/nlgis/cshapes/
https://iisg.amsterdam/resource/country/Tajikistan/1991	Tajikistan	http://nils.weidmann.ws/projects/cshapes.html	TJ	1991-12-26	2016-06-30	https://druid.datalegend.net/nlgis/cshapes/
https://iisg.amsterdam/resource/country/Tanzania/1961		http://nils.weidmann.ws/projects/cshapes.html		1961-12-09	1964-03-31	https://druid.datalegend.net/nlgis/cshapes/
https://iisg.amsterdam/resource/country/Tanzania/1964	Tanzania, United Republic of	http://nils.weidmann.ws/projects/cshapes.html	TZ	1964-04-01	1996-01-31	https://druid.datalegend.net/nlgis/cshapes/
https://iisg.amsterdam/resource/country/Tanzania/1996	Tanzania, United Republic of	http://nils.weidmann.ws/projects/cshapes.html	TZ	1996-02-01	2016-06-30	https://druid.datalegend.net/nlgis/cshapes/
https://iisg.amsterdam/resource/country/Thailand/1946	Thailand	http://nils.weidmann.ws/projects/cshapes.html	TH	1946-01-01	2016-06-30	https://druid.datalegend.net/nlgis/cshapes/
https://iisg.amsterdam/resource/country/The-Gambia/1965	Gambia	http://nils.weidmann.ws/projects/cshapes.html	GM	1965-02-18	2016-06-30	https://druid.datalegend.net/nlgis/cshapes/
https://iisg.amsterdam/resource/country/Timor-Leste/2002	Timor-Leste	http://nils.weidmann.ws/projects/cshapes.html	TL	2002-09-27	2016-06-30	https://druid.datalegend.net/nlgis/cshapes/
https://iisg.amsterdam/resource/country/Togo/1960	Togo	http://nils.weidmann.ws/projects/cshapes.html	TG	1960-04-27	2016-06-30	https://druid.datalegend.net/nlgis/cshapes/
https://iisg.amsterdam/resource/country/Tonga/1999	Tonga	http://nils.weidmann.ws/projects/cshapes.html	TO	1999-09-14	2016-06-30	https://druid.datalegend.net/nlgis/cshapes/
https://iisg.amsterdam/resource/country/Trinidad-and-Tobago/1962	Trinidad and Tobago	http://nils.weidmann.ws/projects/cshapes.html	TT	1962-08-31	2016-06-30	https://druid.datalegend.net/nlgis/cshapes/
https://iisg.amsterdam/resource/country/Tunisia/1956	Tunisia	http://nils.weidmann.ws/projects/cshapes.html	TN	1956-03-20	2016-06-30	https://druid.datalegend.net/nlgis/cshapes/
https://iisg.amsterdam/resource/country/Turkey/1946	Turkey	http://nils.weidmann.ws/projects/cshapes.html	TR	1946-01-01	2016-06-30	https://druid.datalegend.net/nlgis/cshapes/
https://iisg.amsterdam/resource/country/Turkmenistan/1991	Turkmenistan	http://nils.weidmann.ws/projects/cshapes.html	TM	1991-12-26	2016-06-30	https://druid.datalegend.net/nlgis/cshapes/
https://iisg.amsterdam/resource/country/Tuvalu/2000	Tuvalu	http://nils.weidmann.ws/projects/cshapes.html	TV	2000-09-05	2016-06-30	https://druid.datalegend.net/nlgis/cshapes/
https://iisg.amsterdam/resource/country/USSR/1946	Union of Soviet Socialist Republics	http://nils.weidmann.ws/projects/cshapes.html	SU	1946-01-01	1991-09-05	https://druid.datalegend.net/nlgis/cshapes/
https://iisg.amsterdam/resource/country/USSR/1991	Union of Soviet Socialist Republics	http://nils.weidmann.ws/projects/cshapes.html	SU	1991-09-06	1991-12-25	https://druid.datalegend.net/nlgis/cshapes/
https://iisg.amsterdam/resource/country/Uganda/1962	Uganda	http://nils.weidmann.ws/projects/cshapes.html	UG	1962-10-09	2016-06-30	https://druid.datalegend.net/nlgis/cshapes/
https://iisg.amsterdam/resource/country/Ukraine/1991	Ukraine	http://nils.weidmann.ws/projects/cshapes.html	UA	1991-12-26	2016-06-30	https://druid.datalegend.net/nlgis/cshapes/
https://iisg.amsterdam/resource/country/United-Arab-Emirates/1971	United Arab Emirates	http://nils.weidmann.ws/projects/cshapes.html	AE	1971-12-02	2016-06-30	https://druid.datalegend.net/nlgis/cshapes/
https://iisg.amsterdam/resource/country/United-Kingdom/1946	United Kingdom	http://nils.weidmann.ws/projects/cshapes.html	GB	1946-01-01	2016-06-30	https://druid.datalegend.net/nlgis/cshapes/
https://iisg.amsterdam/resource/country/United-States/1946	United States	http://nils.weidmann.ws/projects/cshapes.html	US	1946-01-01	2016-06-30	https://druid.datalegend.net/nlgis/cshapes/
https://iisg.amsterdam/resource/country/Uruguay/1946	Uruguay	http://nils.weidmann.ws/projects/cshapes.html	UY	1946-01-01	2016-06-30	https://druid.datalegend.net/nlgis/cshapes/
https://iisg.amsterdam/resource/country/Uzbekistan/1991	Uzbekistan	http://nils.weidmann.ws/projects/cshapes.html	UZ	1991-12-26	2016-06-30	https://druid.datalegend.net/nlgis/cshapes/
https://iisg.amsterdam/resource/country/Vanuatu/1981	Vanuatu	http://nils.weidmann.ws/projects/cshapes.html	VU	1981-09-15	2016-06-30	https://druid.datalegend.net/nlgis/cshapes/
https://iisg.amsterdam/resource/country/Venezuela/1946	Venezuela	http://nils.weidmann.ws/projects/cshapes.html	VE	1946-01-01	2016-06-30	https://druid.datalegend.net/nlgis/cshapes/
https://iisg.amsterdam/resource/country/Vietnam/1954	Democratic Republic of Viet-Nam	http://nils.weidmann.ws/projects/cshapes.html	VD	1954-07-21	1975-04-30	https://druid.datalegend.net/nlgis/cshapes/
https://iisg.amsterdam/resource/country/Vietnam/1975	Viet Nam	http://nils.weidmann.ws/projects/cshapes.html	VN	1975-05-01	2016-06-30	https://druid.datalegend.net/nlgis/cshapes/
https://iisg.amsterdam/resource/country/Yemen-Arab-Republic/1946	Yemen	http://nils.weidmann.ws/projects/cshapes.html	YE	1946-01-01	1990-05-21	https://druid.datalegend.net/nlgis/cshapes/
https://iisg.amsterdam/resource/country/Yemen-People's-Republic/1967	Democratic Yemen	http://nils.weidmann.ws/projects/cshapes.html	YD	1967-11-30	1990-05-21	https://druid.datalegend.net/nlgis/cshapes/
https://iisg.amsterdam/resource/country/Yemen/1990	Yemen	http://nils.weidmann.ws/projects/cshapes.html	YE	1990-05-22	2000-06-11	https://druid.datalegend.net/nlgis/cshapes/
https://iisg.amsterdam/resource/country/Yemen/2000	Yemen	http://nils.weidmann.ws/projects/cshapes.html	YE	2000-06-12	2016-06-30	https://druid.datalegend.net/nlgis/cshapes/
https://iisg.amsterdam/resource/country/Yugoslavia/1946	Yugoslavia, Socialist Federal Republic of	http://nils.weidmann.ws/projects/cshapes.html	YU	1946-01-01	1992-01-14	https://druid.datalegend.net/nlgis/cshapes/
https://iisg.amsterdam/resource/country/Yugoslavia/1992	Yugoslavia, Socialist Federal Republic of	http://nils.weidmann.ws/projects/cshapes.html	YU	1992-01-15	1992-04-06	https://druid.datalegend.net/nlgis/cshapes/
https://iisg.amsterdam/resource/country/Yugoslavia/1992	Yugoslavia, Socialist Federal Republic of	http://nils.weidmann.ws/projects/cshapes.html	YU	1992-01-15	1993-04-07	https://druid.datalegend.net/nlgis/cshapes/
https://iisg.amsterdam/resource/country/Yugoslavia/1992	Yugoslavia, Socialist Federal Republic of	http://nils.weidmann.ws/projects/cshapes.html	YU	1992-04-07	1992-04-06	https://druid.datalegend.net/nlgis/cshapes/
https://iisg.amsterdam/resource/country/Yugoslavia/1992	Yugoslavia, Socialist Federal Republic of	http://nils.weidmann.ws/projects/cshapes.html	YU	1992-04-07	1993-04-07	https://druid.datalegend.net/nlgis/cshapes/
https://iisg.amsterdam/resource/country/Zambia/1964	Zambia	http://nils.weidmann.ws/projects/cshapes.html	ZM	1964-10-24	2016-06-30	https://druid.datalegend.net/nlgis/cshapes/
https://iisg.amsterdam/resource/country/Zanzibar/1963		http://nils.weidmann.ws/projects/cshapes.html		1963-12-19	1964-04-26	https://druid.datalegend.net/nlgis/cshapes/
https://iisg.amsterdam/resource/country/Zimbabwe/1965	Zimbabwe	http://nils.weidmann.ws/projects/cshapes.html	ZW	1965-11-11	2016-06-30	https://druid.datalegend.net/nlgis/cshapes/
